{
	"info": {
		"_postman_id": "95d93e3a-c9a6-4363-a22f-1c986e4683e2",
		"name": "Order",
		"schema": "https://schema.getpostman.com/json/collection/v2.1.0/collection.json",
		"_exporter_id": "20536446"
	},
	"item": [
		{
			"name": "Get All Order",
			"request": {
				"method": "GET",
				"header": [],
				"url": {
					"raw": "http://localhost:8080/order",
					"protocol": "http",
					"host": [
						"localhost"
					],
					"port": "8080",
					"path": [
						"order"
					]
				}
			},
			"response": []
		},
		{
			"name": "Get Order Id",
			"request": {
				"method": "GET",
				"header": [],
				"url": {
					"raw": "http://localhost:8080/order/4",
					"protocol": "http",
					"host": [
						"localhost"
					],
					"port": "8080",
					"path": [
						"order",
						"4"
					],
					"query": [
						{
							"key": "",
							"value": "",
							"disabled": true
						}
					]
				}
			},
			"response": []
		},
		{
			"name": "Create Order",
			"request": {
				"method": "POST",
				"header": [],
				"body": {
					"mode": "raw",
					"raw": "{\r\n        \"seq\": 4,\r\n        \"totalPrice\": 400,\r\n        \"waiter\": \"Albert\",\r\n        \"mealList\": []\r\n}",
					"options": {
						"raw": {
							"language": "json"
						}
					}
				},
				"url": {
					"raw": "http://localhost:8080/order",
					"protocol": "http",
					"host": [
						"localhost"
					],
					"port": "8080",
					"path": [
						"order"
					]
				}
			},
			"response": []
		},
		{
			"name": "Update Order",
			"request": {
				"method": "PUT",
				"header": [],
				"body": {
					"mode": "raw",
					"raw": "{\r\n        \"seq\": 4,\r\n        \"totalPrice\": 400,\r\n        \"waiter\": \"albert\",\r\n        \"mealList\": []\r\n}",
					"options": {
						"raw": {
							"language": "json"
						}
					}
				},
				"url": {
					"raw": "http://localhost:8080/order/4",
					"protocol": "http",
					"host": [
						"localhost"
					],
					"port": "8080",
					"path": [
						"order",
						"4"
					]
				}
			},
			"response": []
		},
		{
			"name": "Delete Order",
			"request": {
				"method": "DELETE",
				"header": [],
				"url": {
					"raw": "http://localhost:8080/order",
					"protocol": "http",
					"host": [
						"localhost"
					],
					"port": "8080",
					"path": [
						"order"
					]
				}
			},
			"response": []
		}
	]
}